Workbook

Sheet UID GENERATION
C2: PAYAL | D2: P | E2: P | F2: 1234 | G2: =_xlfn.CONCAT("0101",D2,"26",E2,F2) -> 0101P26P1234
C3: AKASH ROWL | D3: A | E3: R | F3: 1235 | G3: =_xlfn.CONCAT("0101",D3,"26",E3,F3) -> 0101A26R1235
C4: KRISH GHOSH | D4: K | E4: G | F4: 1236 | G4: =_xlfn.CONCAT("0101",D4,"26",E4,F4) -> 0101K26G1236
C5: ABHIRON PAUL | D5: A | E5: P | F5: 1237 | G5: =_xlfn.CONCAT("0101",D5,"26",E5,F5) -> 0101A26P1237
C6: CHAITANYA SONI | D6: C | E6: S | F6: 1238 | G6: =_xlfn.CONCAT("0101",D6,"26",E6,F6) -> 0101C26S1238
C7: SAURAV | D7: S | E7: S | F7: 1239 | G7: =_xlfn.CONCAT("0101",D7,"26",E7,F7) -> 0101S26S1239
C8: ARYAN JAIN | D8: A | E8: J | F8: 1240 | G8: =_xlfn.CONCAT("0101",D8,"26",E8,F8) -> 0101A26J1240
C9: RITU RAJ | D9: R | E9: R | F9: 1241 | G9: =_xlfn.CONCAT("0101",D9,"26",E9,F9) -> 0101R26R1241
C10: SHUBHAM SHAW | D10: S | E10: S | F10: 1242 | G10: =_xlfn.CONCAT("0101",D10,"26",E10,F10) -> 0101S26S1242
C11: DEBANIK KUNDU | D11: D | E11: K | F11: 1243 | G11: =_xlfn.CONCAT("0101",D11,"26",E11,F11) -> 0101D26K1243
C12: KUMAR MANGLAM | D12: K | E12: M | F12: 1244 | G12: =_xlfn.CONCAT("0101",D12,"26",E12,F12) -> 0101K26M1244
C13: ISHA CHANDA | D13: I | E13: C | F13: 1245 | G13: =_xlfn.CONCAT("0101",D13,"26",E13,F13) -> 0101I26C1245
... C1508: SOURAV MANNA | D1508: S | E1508: M | F1508: 2740 | G1508: =_xlfn.CONCAT("0101",D1508,"26",E1508,F1508) -> 0101S26M2740

Sheet STUDENT DATA
A1: SL NO | B1: UID | C1: NAME | D1: CONTACT NO | E1: YEAR | F1: SEM | G1: MATHS | H1: ECO | I1: ENG | J1: TOTAL | K1: STATUS | L1: GRADE
A2: 1 | B2: 0101A26J1330 | C2: Aabha Jain | D2: 9876543306 | E2: THIRD | F2: {=IF(E2="","",_xlfn.XLOOKUP(E2,{"FIRST","SECOND","THIRD","FOURTH"},{"SEM-1","SEM-2","SEM-3","SEM-4"},""))} -> SEM-3 | G2: 3 | H2: 73 | I2: 98 | J2: =SUM(G2:I2) -> 174 | K2: =IF(OR(G2>=70,H2>=70,I2>=70,J2>=120),"P","F") -> P | L2: =IF(J2>=190,"A",IF(J2>=150,"B",IF(J2>=120,"C","FAIL"))) -> B
A3: 2 | B3: 0101A26R1993 | C3: Aaditi Rajpuria | D3: 9876543969 | E3: THIRD | F3: {=IF(E3="","",_xlfn.XLOOKUP(E3,{"FIRST","SECOND","THIRD","FOURTH"},{"SEM-1","SEM-2","SEM-3","SEM-4"},""))} -> SEM-3 | G3: 99 | H3: 39 | I3: 84 | J3: =SUM(G3:I3) -> 222 | K3: =IF(OR(G3>=70,H3>=70,I3>=70,J3>=120),"P","F") -> P | L3: =IF(J3>=190,"A",IF(J3>=150,"B",IF(J3>=120,"C","FAIL"))) -> A
A4: 3 | B4: 0101A26S2634 | C4: Aadya Shakti | D4: 9876544610 | E4: SECOND | F4: {=IF(E4="","",_xlfn.XLOOKUP(E4,{"FIRST","SECOND","THIRD","FOURTH"},{"SEM-1","SEM-2","SEM-3","SEM-4"},""))} -> SEM-2 | G4: 79 | H4: 22 | I4: 36 | J4: =SUM(G4:I4) -> 137 | K4: =IF(OR(G4>=70,H4>=70,I4>=70,J4>=120),"P","F") -> P | L4: =IF(J4>=190,"A",IF(J4>=150,"B",IF(J4>=120,"C","FAIL"))) -> C
A5: 4 | B5: 0101A26D2196 | C5: Aakancha Dhaniwal | D5: 9876544172 | E5: FIRST | F5: {=IF(E5="","",_xlfn.XLOOKUP(E5,{"FIRST","SECOND","THIRD","FOURTH"},{"SEM-1","SEM-2","SEM-3","SEM-4"},""))} -> SEM-1 | G5: 100 | H5: 39 | I5: 99 | J5: =SUM(G5:I5) -> 238 | K5: =IF(OR(G5>=70,H5>=70,I5>=70,J5>=120),"P","F") -> P | L5: =IF(J5>=190,"A",IF(J5>=150,"B",IF(J5>=120,"C","FAIL"))) -> A
A6: 5 | B6: 0101A26C2399 | C6: Aakriti Choubey | D6: 9876544375 | E6: THIRD | F6: {=IF(E6="","",_xlfn.XLOOKUP(E6,{"FIRST","SECOND","THIRD","FOURTH"},{"SEM-1","SEM-2","SEM-3","SEM-4"},""))} -> SEM-3 | G6: 35 | H6: 61 | I6: 19 | J6: =SUM(G6:I6) -> 115 | K6: =IF(OR(G6>=70,H6>=70,I6>=70,J6>=120),"P","F") -> F | L6: =IF(J6>=190,"A",IF(J6>=150,"B",IF(J6>=120,"C","FAIL"))) -> FAIL
A7: 6 | B7: 0101A26M2471 | C7: Aakriti Manot | D7: 9876544447 | E7: THIRD | F7: {=IF(E7="","",_xlfn.XLOOKUP(E7,{"FIRST","SECOND","THIRD","FOURTH"},{"SEM-1","SEM-2","SEM-3","SEM-4"},""))} -> SEM-3 | G7: 21 | H7: 61 | I7: 75 | J7: =SUM(G7:I7) -> 157 | K7: =IF(OR(G7>=70,H7>=70,I7>=70,J7>=120),"P","F") -> P | L7: =IF(J7>=190,"A",IF(J7>=150,"B",IF(J7>=120,"C","FAIL"))) -> B
A8: 7 | B8: 0101A26M1838 | C8: Aakriti Modi | D8: 9876543814 | E8: FIRST | F8: {=IF(E8="","",_xlfn.XLOOKUP(E8,{"FIRST","SECOND","THIRD","FOURTH"},{"SEM-1","SEM-2","SEM-3","SEM-4"},""))} -> SEM-1 | G8: 54 | H8: 13 | I8: 23 | J8: =SUM(G8:I8) -> 90 | K8: =IF(OR(G8>=70,H8>=70,I8>=70,J8>=120),"P","F") -> F | L8: =IF(J8>=190,"A",IF(J8>=150,"B",IF(J8>=120,"C","FAIL"))) -> FAIL
A9: 8 | B9: 0101A26A2130 | C9: Aaleya Anwar | D9: 9876544106 | E9: THIRD | F9: {=IF(E9="","",_xlfn.XLOOKUP(E9,{"FIRST","SECOND","THIRD","FOURTH"},{"SEM-1","SEM-2","SEM-3","SEM-4"},""))} -> SEM-3 | G9: 69 | H9: 77 | I9: 0 | J9: =SUM(G9:I9) -> 146 | K9: =IF(OR(G9>=70,H9>=70,I9>=70,J9>=120),"P","F") -> P | L9: =IF(J9>=190,"A",IF(J9>=150,"B",IF(J9>=120,"C","FAIL"))) -> C
A10: 9 | B10: 0101A26E1472 | C10: Aaliya Ebad | D10: 9876543448 | E10: THIRD | F10: {=IF(E10="","",_xlfn.XLOOKUP(E10,{"FIRST","SECOND","THIRD","FOURTH"},{"SEM-1","SEM-2","SEM-3","SEM-4"},""))} -> SEM-3 | G10: 93 | H10: 33 | I10: 87 | J10: =SUM(G10:I10) -> 213 | K10: =IF(OR(G10>=70,H10>=70,I10>=70,J10>=120),"P","F") -> P | L10: =IF(J10>=190,"A",IF(J10>=150,"B",IF(J10>=120,"C","FAIL"))) -> A
A11: 10 | B11: 0101A26K1469 | C11: Aanchal Kanodia | D11: 9876543445 | E11: SECOND | F11: {=IF(E11="","",_xlfn.XLOOKUP(E11,{"FIRST","SECOND","THIRD","FOURTH"},{"SEM-1","SEM-2","SEM-3","SEM-4"},""))} -> SEM-2 | G11: 97 | H11: 42 | I11: 74 | J11: =SUM(G11:I11) -> 213 | K11: =IF(OR(G11>=70,H11>=70,I11>=70,J11>=120),"P","F") -> P | L11: =IF(J11>=190,"A",IF(J11>=150,"B",IF(J11>=120,"C","FAIL"))) -> A
A12: 11 | B12: 0101A26K1948 | C12: Aanchal Karel | D12: 9876543924 | E12: FIRST | F12: {=IF(E12="","",_xlfn.XLOOKUP(E12,{"FIRST","SECOND","THIRD","FOURTH"},{"SEM-1","SEM-2","SEM-3","SEM-4"},""))} -> SEM-1 | G12: 86 | H12: 45 | I12: 95 | J12: =SUM(G12:I12) -> 226 | K12: =IF(OR(G12>=70,H12>=70,I12>=70,J12>=120),"P","F") -> P | L12: =IF(J12>=190,"A",IF(J12>=150,"B",IF(J12>=120,"C","FAIL"))) -> A
A13: 12 | B13: 0101A26S2075 | C13: Aanchal Shaw | D13: 9876544051 | E13: FIRST | F13: {=IF(E13="","",_xlfn.XLOOKUP(E13,{"FIRST","SECOND","THIRD","FOURTH"},{"SEM-1","SEM-2","SEM-3","SEM-4"},""))} -> SEM-1 | G13: 16 | H13: 4 | I13: 53 | J13: =SUM(G13:I13) -> 73 | K13: =IF(OR(G13>=70,H13>=70,I13>=70,J13>=120),"P","F") -> F | L13: =IF(J13>=190,"A",IF(J13>=150,"B",IF(J13>=120,"C","FAIL"))) -> FAIL
... A1508: 1507 | B1508: 0101Z26E1506 | C1508: Zeeshan Ejaz | D1508: 9876543482 | E1508: THIRD | F1508: {=IF(E1508="","",_xlfn.XLOOKUP(E1508,{"FIRST","SECOND","THIRD","FOURTH"},{"SEM-1","SEM-2","SEM-3","SEM-4"},""))} -> SEM-3 | G1508: 34 | H1508: 17 | I1508: 92 | J1508: =SUM(G1508:I1508) -> 143 | K1508: =IF(OR(G1508>=70,H1508>=70,I1508>=70,J1508>=120),"P","F") -> P | L1508: =IF(J1508>=190,"A",IF(J1508>=150,"B",IF(J1508>=120,"C","FAIL"))) -> C

Sheet REPORT CARD
B6: UID | C6: 0101A26S2075
B7: NAME | C7: =VLOOKUP($C$6,'STUDENT DATA'!$B$1:$L$1508,MATCH('REPORT CARD'!$B7,'STUDENT DATA'!$B$1:$F$1,0),0) -> Aanchal Shaw | E7: SUB | F7: FM | G7: PM | H7: MO | I7: AVG | J7: HM | K7: STATUS | M7: TM | N7: =SUM(H8:H10) -> 73
B8: CONTACT NO | C8: =VLOOKUP($C$6,'STUDENT DATA'!$B$1:$L$1508,MATCH('REPORT CARD'!$B8,'STUDENT DATA'!$B$1:$F$1,0),0) -> 9876544051 | E8: MATH | F8: 100 | G8: 40 | H8: =VLOOKUP($C$6,'STUDENT DATA'!$B$1:$L$1508,6,0) -> 16 | I8: =AVERAGE('STUDENT DATA'!$G$2:$G$1508) -> 49.994028 | J8: =MAX('STUDENT DATA'!$G$2:$G$1508) -> 100 | K8: =IF(H8>=40,"P","F") -> F | M8: PERCENTAGE | N8: =N7/300 -> 0.24333333
B9: YEAR | C9: =VLOOKUP($C$6,'STUDENT DATA'!$B$1:$L$1508,MATCH('REPORT CARD'!$B9,'STUDENT DATA'!$B$1:$F$1,0),0) -> FIRST | E9: ECO | F9: 100 | G9: 40 | H9: =VLOOKUP($C$6,'STUDENT DATA'!$B$2:$L$1508,7,0) -> 4 | I9: =AVERAGE('STUDENT DATA'!H2:H1508) -> 50.337757 | J9: =MAX('STUDENT DATA'!H2:$H$1508) -> 100 | K9: =IF(H9>=40,"P","F") -> F | M9: GRADE | N9: =VLOOKUP('REPORT CARD'!$C$6,'STUDENT DATA'!$B$1:$L$1508,11,0) -> FAIL
B10: SEM | C10: =VLOOKUP($C$6,'STUDENT DATA'!$B$1:$L$1508,MATCH('REPORT CARD'!$B10,'STUDENT DATA'!$B$1:$F$1,0),0) -> SEM-1 | E10: ENGLISH | F10: 100 | G10: 40 | H10: =VLOOKUP($C$6,'STUDENT DATA'!$B$2:$L$1508,8,0) -> 53 | I10: =AVERAGE('STUDENT DATA'!$I$2:$I$1508) -> 50.001327 | J10: =MAX('STUDENT DATA'!$I$2:$I$1508) -> 100 | K10: =IF(H10>=40,"P","F") -> P | M10: FINAL STATUS | N10: =IF(N9="FAIL","SNQ","SQ") -> SNQ

Sheet Sheet4
A1: FIRST | B1: SEM-1 | C1: SEM-3 | D1: SEM-5
A2: SECOND | B2: SEM-2 | C2: SEM-4 | D2: SEM-6
A3: THIRD
